Filename,Segment,WC,Analytic,Clout,Authentic,Tone,WPS,BigWords,Dic,Linguistic,function,pronoun,ppron,i,we,you,shehe,they,ipron,det,article,number,prep,auxverb,adverb,conj,negate,verb,adj,quantity,Drives,affiliation,achieve,power,Cognition,allnone,cogproc,insight,cause,discrep,tentat,certitude,differ,memory,Affect,tone_pos,tone_neg,emotion,emo_pos,emo_neg,emo_anx,emo_anger,emo_sad,swear,Social,socbehav,prosocial,polite,conflict,moral,comm,socrefs,family,friend,female,male,Culture,politic,ethnicity,tech,Lifestyle,leisure,home,work,money,relig,Physical,health,illness,wellness,mental,substances,sexual,food,death,need,want,acquire,lack,fulfill,fatigue,reward,risk,curiosity,allure,Perception,attention,motion,space,visual,auditory,feeling,time,focuspast,focuspresent,focusfuture,Conversation,netspeak,assent,nonflu,filler,AllPunc,Period,Comma,QMark,Exclam,Apostro,OtherP
51073_EMPATHY_parent_CK.docx,1,841,3.76,94.62,47.07,35.39,30.04,10.58,91.8,78.72,59.1,20.69,12.49,2.02,0.83,5.59,3.57,0.48,8.2,12.01,3.09,3.57,7.25,12.72,8.09,7.25,1.66,28.54,4.4,4.04,3.57,2.38,0.83,0.36,15.81,0.48,15.34,6.42,2.97,2.02,3.57,0.12,2.14,0,3.45,2.14,1.07,1.9,0.71,0.95,0.24,0.36,0.36,0,17.48,5.59,0.59,0.36,0,0,3.21,11.77,0.71,0.36,2.73,1.43,0,0,0,0,1.9,1.43,0,0.48,0,0,0.48,0.12,0,0,0,0,0,0,0.36,1.55,0.36,0.48,0,0,0,0.24,0.12,0.12,7.97,12.96,0.12,4.64,5.47,0.59,0.24,2.97,2.62,2.26,8.44,4.4,3.45,0,3.09,0.24,0.12,5.95,0,0,3.21,0,2.73,0
51083_EMPATHY_parent_CK.docx,1,745,3.49,92.3,9.02,15.71,41.39,8.59,93.02,84.83,60.27,23.49,16.11,4.43,1.07,4.16,5.77,0.54,7.38,14.77,1.61,5.23,10.07,12.62,8.72,6.44,0.94,28.05,7.65,5.91,2.42,1.88,0.27,0.27,11.14,1.21,9.93,3.62,1.61,1.34,2.28,0.13,1.48,0,3.62,1.61,2.01,2.42,0.54,1.88,0,1.21,0.54,0,19.73,6.58,0,0.13,0.4,0,3.76,12.75,0.54,0,2.42,4.03,0,0,0,0,0.54,0,0,0.4,0,0.13,0.94,0.4,0.4,0,0,0,0,0.27,0,1.34,0.54,1.48,0,0,0,0,0,0,10.47,9.4,0.4,3.49,3.36,1.88,0.4,1.48,1.48,0.54,9.4,6.04,9.8,0,7.79,1.74,0.27,8.72,0,0,2.28,0,6.44,0
51016_EMPATHY_parent_MM.docx,1,787,1,84.42,51.29,34.54,16.4,7.62,93.9,84.63,63.28,22.74,14.87,4.32,1.4,4.32,4.32,0.13,7.88,12.45,2.16,3.56,6.23,12.71,10.67,7.88,2.67,25.16,6.48,4.7,3.05,2.16,0.89,0,15.37,1.91,13.34,5.08,1.52,2.16,3.18,0.64,2.29,0,4.83,2.92,1.91,2.16,0.76,1.4,0,0.13,1.14,0,17.92,5.84,0.38,0.13,0.13,0,3.56,11.94,0.51,0.13,1.4,3.56,0,0,0,0,0.76,0.13,0,0.64,0,0,0.89,0.64,0.51,0,0,0,0,0,0,0.25,0.25,0.64,0,0,0,0.25,0,0.13,10.29,11.05,0.38,4.07,3.81,1.4,0.13,2.29,5.21,1.52,12.58,1.65,6.23,0,3.94,2.29,0,8.51,2.67,0.64,3.3,0,1.91,0
51084_EMPATHY_parent_CK.docx,1,1089,3.24,96.13,22,51.32,25.93,10.38,90.82,75.67,55.92,22.59,15.89,2.66,0.18,5.23,7.35,0.37,6.7,13.22,2.94,3.67,6.52,11.75,7.99,5.79,2.3,24.52,6.8,4.5,2.2,1.29,0.37,0.55,15.79,1.29,14.51,7.35,2.85,0.46,3.58,0.18,1.74,0,6.06,3.95,1.93,3.95,2.39,1.38,0.09,0.37,0.64,0,19.38,5.14,1.1,0.37,0.28,0,2.3,14.69,0.55,0,5.14,3.03,0,0,0,0,1.84,1.56,0,0.28,0,0,1.1,0,0,0,0,0,0,0.73,0.18,0.73,0.46,1.84,0,0,0,0,0.18,0.09,10.47,12.03,0,3.4,3.58,0.73,0.37,4.22,2.94,1.93,10.19,1.65,4.68,0.55,3.12,1.47,0,9.37,0,0,3.76,0,5.6,0
51057_EMPATHY_parent_CK.docx,1,623,15.38,94.34,13.48,57.9,20.77,9.63,89.73,76.24,56.34,18.94,12.84,1.61,0.32,3.37,6.58,0.8,6.1,19.74,4.98,8.83,6.26,12.84,5.94,2.89,0.64,26.32,4.49,9.79,1.93,1.12,0.64,0.16,14.93,0.48,14.13,6.1,2.73,1.77,2.89,0.16,1.44,0,5.94,4.01,1.61,2.09,0.96,0.8,0,0.16,0.16,0,15.73,3.69,0.64,0,0.16,0,1.61,12.2,0.32,0,4.01,2.57,0,0,0,0,1.61,1.28,0,0.32,0,0,2.73,0.32,0.32,0,0,0,0,1.93,0,0,0.16,1.93,0,0,0,0,0,0,10.75,13.32,0.32,5.46,3.85,1.12,0,4.01,1.93,1.77,8.99,3.21,5.3,0,4.01,1.12,0.16,8.67,0,0,4.65,0,4.01,0
51072_EMPATHY_parent_SS.docx,1,1430,8.73,93.93,13.44,29.67,52.96,11.47,91.47,77.55,57.27,17.48,12.24,1.12,0.42,3.29,5.73,1.61,5.24,14.76,3.99,4.27,8.11,12.8,7.34,7.48,1.47,24.48,6.64,6.22,4.62,3.43,0.84,0.42,17.41,2.1,15.31,5.87,2.87,1.54,3.29,0.35,3.36,0.07,5.24,2.87,2.17,2.45,0.56,1.68,0,0.56,0.91,0,16.57,2.45,0.42,0,0.21,0.07,0.91,14.2,0.91,1.33,2.87,3.57,0,0,0,0,2.03,0.84,0.14,1.05,0,0,2.31,0.42,0.42,0,0,0,0,0.91,0.7,0.28,0.35,1.33,0.14,0,0,0.07,0,0,8.32,11.26,0.35,3.64,2.94,0.91,0.49,3.64,2.38,1.47,9.65,3.43,4.2,0.7,2.66,1.47,0.07,5.59,0,0.42,1.82,0,3.36,0
51067_EMPATHY_parent_SS.docx,1,749,15.82,96.84,32.52,31.22,39.42,9.21,87.58,73.56,50.6,20.16,12.82,2.4,0.4,5.61,4.14,0.13,7.34,13.75,3.74,5.47,6.94,11.08,4.67,3.87,0.67,26.03,6.68,5.74,2.8,1.87,0.53,0.4,8.41,0.27,8.14,3.6,0.4,1.07,2.8,0,0.93,0,2.94,1.87,1.07,1.47,0.67,0.67,0,0.13,0.4,0,17.76,6.01,0.4,0,0.13,0.4,4.54,12.02,0.93,0.4,2.4,2.4,0,0,0,0,1.6,0.27,0,1.34,0,0,1.2,0,0,0,0,0,0,0.4,0.67,1.07,0.67,0.4,0,0,0,0.27,0,0.4,6.68,13.75,0,7.08,3.47,1.34,0.13,2.54,3.34,0.93,10.95,4.94,7.08,0,4.01,3.07,0,7.08,0,0,2.4,0,4.67,0
51035_EMPATHY_parent_CK.docx,1,622,12.85,90.68,6.96,33.72,21.45,8.52,91.32,78.3,57.4,20.1,14.63,3.38,0.16,4.82,5.79,0.32,5.47,13.34,2.57,5.95,9.97,13.5,5.63,3.54,1.29,27.81,7.23,6.91,2.09,0.8,0.64,0.64,14.47,0.8,13.67,4.5,0.32,4.02,4.34,0,1.93,0,5.14,3.05,2.09,2.89,0.8,2.09,0,0.96,0.64,0,14.95,3.22,0.48,0.16,0.16,0,1.93,12.06,0,0.32,4.66,1.13,0,0,0,0,0.32,0,0,0.16,0.16,0,2.57,0.32,0.32,0,0,0,0,1.45,0.32,0,2.25,0.32,0,0,0,0,0,0.32,8.04,13.18,0.48,5.31,2.73,1.61,0.64,3.05,1.93,1.29,8.52,2.73,5.63,0.16,4.18,1.13,0.32,8.68,0,0,4.5,0,4.18,0
51014_EMPATHY_parent_MM.docx,1,637,14.87,71.77,60.76,24.22,15.54,11.77,90.11,75.82,59.81,17.43,10.2,1.73,0.94,2.35,2.98,1.73,7.22,17.11,5.34,5.18,8.32,10.52,7.38,6.12,2.51,19.15,6.75,7.38,3.92,2.51,1.1,0.31,13.97,0.94,12.87,3.45,0.78,0.63,4.08,0.78,4.24,0,4.55,2.35,2.04,3.3,1.1,2.04,0.31,0.47,0.94,0,13.03,2.67,0.47,0,0.31,0,1.41,10.68,0.31,0.78,0.78,2.35,0,0,0,0,1.41,0.47,0,0.94,0,0,0.78,0,0,0,0,0,0,0.16,0.47,0.31,0.16,0.63,0,0,0,0,0,0.16,10.83,12.4,0,5.49,5.65,0.47,0.31,1.73,2.67,1.73,7.85,2.2,5.18,0,4.24,0.78,0.16,10.05,3.92,2.04,2.35,0,1.73,0
51091_EMPATHY_parent_MM.docx,1,750,9.49,87.98,24.21,11.97,28.85,8.93,89.87,76.93,56.27,20,15.07,4.53,0.4,4.27,5.73,0.13,4.93,14,3.07,5.33,7.33,15.07,5.6,2.27,1.33,29.2,5.2,5.73,3.07,1.33,1.07,0.67,13.73,0.93,12.8,6.13,1.87,2,2,0.4,1.2,0,4.67,1.87,2.67,2.8,0.27,2.4,0.13,0.53,1.2,0,16,4.13,0.13,0,0,0,2.13,11.87,0.67,0.27,3.2,2.8,0,0,0,0,2.13,1.33,0.13,0.67,0,0,1.33,0.4,0.4,0,0,0,0,0.8,0,0.93,0.67,0.8,0,0,0,0,0.13,0.27,9.6,11.6,0,3.6,3.6,1.2,0.27,3.6,2.93,0.67,9.6,4,4.8,0,2.93,1.87,0,6.8,0,0,3.47,0,3.33,0
51065_EMPATHY_parent_MM.docx,1,508,6.06,89.61,9.29,60.43,56.44,9.65,93.7,80.91,59.25,18.11,13.78,2.95,1.38,2.56,5.91,0.59,4.33,12.8,1.97,4.72,9.25,12.01,11.81,5.51,0.79,24.21,7.48,6.1,5.91,2.95,1.57,1.38,16.73,1.57,15.16,4.92,1.97,2.56,4.92,0.39,2.17,0.2,5.71,3.94,1.38,2.56,0.79,1.38,0,1.18,0.2,0,15.94,4.72,1.18,0,0.59,0,2.76,12.01,0.39,0,3.35,2.76,0,0,0,0,0.98,0,0,0.98,0,0,0.79,0,0,0,0,0,0,0.79,0,0.39,1.38,0.59,0,0.2,0,0.39,0,0,10.24,8.27,0.39,2.17,3.35,1.18,0.79,1.57,3.74,2.36,7.68,2.76,9.25,0,5.31,3.94,0,2.95,0,0,1.57,0,1.38,0
51026_EMPATHY_parent_SS.docx,1,1509,4.16,88.01,26.81,21.03,20.67,8.81,91.92,79.32,59.05,21.8,14.25,3.64,1.33,4.84,4.11,0.33,7.55,13.65,2.85,3.25,7.29,13.06,7.29,5.77,1.66,26.38,4.9,5.24,3.05,2.52,0.07,0.46,18.82,1.86,16.96,5.9,1.52,3.38,4.37,0.33,3.18,0,3.98,1.99,1.92,2.12,0.6,1.46,0.6,0.2,0.46,0,17.03,5.24,0.4,0.13,0.4,0.33,2.78,11.8,0.2,0.73,1.92,2.39,0.2,0,0,0.2,1.06,0.53,0,0.46,0.07,0,0.73,0.4,0.4,0,0,0,0,0,0.2,0.27,1.13,1.19,0.13,0,0,0.07,0,0,12.06,11.07,0.46,4.37,3.45,0.53,0.27,2.92,1.66,1.39,8.15,3.38,5.37,0.13,4.04,0.66,0.6,9.28,0,0.27,4.77,0,4.24,0
51017_EMPATHY_parent_SS.docx,1,551,7.1,88.43,56.76,44.73,34.44,11.25,91.11,80.04,54.45,19.42,13.25,3.09,0,5.26,4.54,0.36,6.17,12.89,2.72,4.54,6.53,11.98,7.26,5.81,0.73,26.86,8.53,5.26,1.63,0.54,0.91,0.18,17.79,2,15.79,6.17,1.27,1.81,6.35,0.18,2.9,0,4.9,3.27,1.63,2.54,1.09,1.45,0.36,0,0.73,0,15.79,4.36,0.36,0,0,0,1.27,11.07,0.54,0,1.27,3.81,0,0,0,0,2,0.54,0,1.45,0,0,0.54,0.36,0.36,0,0,0,0,0,0,0.18,0.91,0.73,0.36,0,0,0.54,0.54,0,11.62,13.97,0.36,6.72,4.17,1.09,0,3.45,2.36,0.73,8.71,4.17,7.99,0.36,6.17,1.81,0,5.99,0,0,2.9,0,3.09,0
51062_EMPATHY_parent_MM.docx,1,1342,5.53,86.82,15.78,56.26,63.9,9.46,93.44,80.77,59.09,19.08,13.34,2.76,1.12,3.06,4.02,2.09,5.74,11.1,3.28,2.76,8.42,11.48,9.84,8.05,0.89,24.81,7.08,3.73,4.02,2.61,1.27,0.15,16.1,2.09,14.01,4.92,1.79,1.27,3.8,0.89,3.35,0,6.04,4.17,1.86,3.65,2.01,1.64,0,1.12,0.52,0,15.72,3.95,0.6,0.45,0.37,0,2.24,11.92,0.07,0.37,2.83,1.64,0,0,0,0,2.61,1.56,0,0.89,0.15,0,0.97,0,0,0,0,0,0,0.45,0.22,0.67,0.22,1.49,0,0.07,0,0,0.15,0.07,9.69,10.88,0.22,2.83,2.24,2.76,0.37,2.91,1.79,1.64,7.75,2.98,4.92,0,3.28,1.64,0,2.24,0,0.37,1.49,0,0.37,0
51021_EMPATHY_parent_SS.docx,1,884,8.16,92.42,28.83,34.56,24.56,8.37,90.84,79.86,53.96,23.19,14.93,3.51,0,5.77,5.43,0.11,8.26,12.78,2.71,4.98,6.79,11.54,5.09,3.05,1.58,25.34,6,5.43,2.04,1.02,1.02,0,16.52,0.34,16.18,8.82,0.9,1.47,4.64,0.45,1.92,0,5.32,3.17,2.15,2.71,1.13,1.58,0,0.68,0.68,0,16.18,3.62,0.45,0.11,0.23,0.11,2.04,12.44,0.11,0.68,3.05,2.49,0,0,0,0,1.47,1.13,0,0.34,0,0,1.7,0.34,0.34,0,0,0,0,0.9,0.45,0,0.57,1.36,0,0,0,0.23,0.34,0.23,7.35,9.84,0,3.51,1.81,0.57,0.23,4.19,2.38,0.9,9.05,3.17,9.39,0.11,4.75,4.3,0.23,8.48,0,0,3.96,0,4.52,0
51043_EMPATHY_parent_CK.docx,1,411,19.85,72.28,6.97,17.41,37.36,12.41,84.67,69.83,52.07,13.87,8.27,0.49,0.24,0.49,6.57,0.24,5.6,16.06,4.14,6.33,7.3,14.6,4.62,4.38,1.7,25.3,5.84,7.3,4.14,2.43,1.46,0.24,15.33,0.24,15.09,5.35,1.22,0.97,5.11,0,1.95,0,4.87,2.19,2.43,2.19,0.49,1.46,0,0.49,0.97,0,13.14,3.65,0.73,0.24,0.24,0,1.95,9,0.97,0,2.43,4.87,0,0,0,0,4.38,3.41,0,0.97,0,0,1.22,0.49,0.49,0,0,0,0,0.49,0,0,0.24,0.49,0,0,0,0,0.73,0.24,8.52,11.68,0,3.89,3.65,0.73,0.24,4.14,2.19,0.73,7.3,6.57,4.14,0,2.92,1.22,0,4.87,0,0,2.43,0,2.43,0
51088_EMPATHY_parent_CK.docx,1,209,24.08,89.63,1,1,26.13,10.05,83.25,67.46,48.8,20.1,10.53,0,0,0.48,10.05,0,9.57,14.35,2.39,3.83,9.57,10.53,3.35,2.87,0.96,25.84,5.26,4.31,2.39,0.96,0.48,0.96,9.09,0,9.09,5.26,0.96,0,2.39,0,0.96,0,6.22,0.48,5.74,4.31,0,4.31,0.48,0.48,2.39,0,16.75,5.26,0,0,0,0,3.35,11.48,0.96,0,2.87,7.18,0,0,0,0,3.83,1.91,0,1.91,0,0,0,0,0,0,0,0,0,0,0,1.91,0,0.96,0,0,0,0,0.48,0.48,4.78,11.96,0,3.35,3.35,0.48,0,4.78,1.91,1.91,11,4.78,0.48,0,0.48,0,0,6.22,0,0,3.35,0,2.87,0
51033_EMPATHY_parent_SS.docx,1,556,2.13,68.42,20.95,35.53,34.75,10.07,86.15,74.64,56.29,21.4,11.51,3.06,0.9,1.44,6.12,0,9.89,12.41,1.8,5.94,5.4,15.65,6.65,5.22,1.62,27.7,5.76,6.12,3.06,1.98,0.72,0.36,14.93,0.54,14.39,8.09,1.8,0.72,2.34,0,1.98,0,4.68,2.88,1.8,3.06,1.8,1.26,0,0.54,0.72,0,13.85,4.86,0.18,0,0,0,3.42,9.17,0,0.54,3.42,2.7,0,0,0,0,1.08,1.08,0,0,0,0,0.72,0,0,0,0,0,0,0.72,0,0,0.36,0.72,0,0,0,0.18,0.36,0,6.47,10.43,0,2.88,1.62,0.9,0.54,5.04,2.88,1.08,11.33,3.42,3.96,0,2.52,1.44,0,6.65,0,0,2.7,0,3.96,0
51080_EMPATHY_parent_MM.docx,1,344,12.13,71.91,24.08,16.89,31.27,11.05,86.05,69.77,53.2,16.57,11.34,2.03,0.29,2.03,6.69,0,5.23,14.24,1.74,6.98,7.27,13.95,3.78,3.2,3.49,24.71,3.49,7.27,3.78,2.62,0.29,0.58,18.31,2.33,15.99,8.14,2.03,1.16,3.2,0,3.2,0,3.78,1.74,2.03,1.74,0,1.74,0,0.29,1.16,0,15.41,3.78,0.58,0,0.29,0,2.03,11.92,0.87,0.87,3.2,4.07,0,0,0,0,1.16,0.58,0,0.58,0,0,0.87,0,0,0,0,0,0,0.58,0,0,0.29,1.16,0,0,0,0,0,0.29,8.14,11.92,0,4.07,2.91,0.58,0,4.94,1.74,0.29,8.43,4.07,3.78,0,1.74,2.03,0,6.98,0,0.87,3.2,0,2.91,0
51008_EMPATHY_parent_SS.docx,1,475,6.02,90.88,18.91,22.87,237.5,9.26,89.47,77.26,59.16,18.95,12,2.11,0.21,4.63,4.21,0.42,6.95,12.63,2.74,4.63,7.37,16.84,5.68,4.42,1.26,28.63,5.89,4.84,2.74,1.47,1.05,0.21,16.63,0.84,15.58,6.32,2.74,1.89,5.26,0,1.89,0,4.21,2.11,1.89,2.11,0,1.89,0,1.05,0.63,0,15.37,4.63,0.63,0,0.42,0,2.32,10.95,0.21,0.63,2.11,2.11,0,0,0,0,1.68,1.68,0,0,0,0,1.05,0,0,0,0,0,0,0.42,0.42,0.84,0.63,0.63,0,0,0,0.21,0,0,7.37,10.32,0,3.16,3.79,0.21,0,3.58,2.11,1.47,7.58,6.11,5.47,0.42,4.84,0.42,0,1.26,0,0,0.21,0,1.05,0
51034_EMPATHY_parent_SS.docx,1,584,4.68,89.31,31.16,22.36,22.46,8.56,94.18,80.99,56.16,18.84,13.87,2.4,1.71,3.77,5.48,0.34,4.97,14.21,2.05,5.48,5.99,13.36,5.82,5.99,2.74,25.17,7.71,6.85,4.28,2.91,1.2,0.17,18.66,1.71,16.95,4.28,2.4,2.05,6.34,0,3.42,0,8.05,4.11,3.94,5.31,1.71,3.25,0.86,0.34,1.88,0,16.1,2.91,0.68,0.68,0,0,2.05,13.01,0.86,0.51,2.05,4.28,0,0,0,0,1.88,1.37,0,0.34,0.17,0,1.37,0,0,0,0,0,0,0.51,0,0.34,0.51,0.17,0,0,0,0,0.17,0,12.5,9.93,0,5.14,3.94,0.86,0,2.23,3.77,1.03,7.71,4.28,7.71,0.51,3.08,3.94,0.17,7.88,0,0,4.28,0,3.6,0
51023_EMPATHY_parent_CK.docx,1,820,1.62,91.94,10.94,56.38,17.45,8.54,91.22,78.54,57.93,20.73,13.54,1.71,0.49,5,5.85,0.37,7.2,10.49,3.29,2.32,5.73,13.78,8.78,7.68,3.05,28.54,5.49,2.8,2.8,2.32,0.24,0.24,18.54,0.73,17.8,7.68,3.41,2.56,3.29,0.49,2.93,0,4.63,3.41,1.1,2.8,1.59,1.1,0.12,0.37,0.12,0,20.37,7.2,0.49,0.24,0.12,0,4.27,13.17,0,0.98,2.56,3.29,0,0,0,0,0.85,0.37,0,0.49,0,0,0.85,0.12,0.12,0,0,0,0,0.49,0.12,0.49,0.98,0.24,0,0,0,0,0,0.12,9.63,9.51,0.49,3.9,1.22,0.73,0.24,3.78,2.32,1.34,11.83,3.66,3.29,0,2.07,1.1,0.12,9.88,0,0,5.61,0,4.27,0
51005_EMPATHY_parent_SS.docx,1,299,21.22,48,16.3,45.38,299,10.7,90.97,74.92,55.52,12.04,6.35,1.34,0.67,0.67,3.34,0,5.69,21.07,4.01,10.7,7.02,11.37,6.35,6.02,2.34,21.07,6.69,11.71,3.34,1.34,0.67,1.34,13.04,1,12.04,4.68,1,1,4.35,0.67,2.34,0,5.35,3.34,1.67,3.01,1,1.67,0,1,0.33,0,11.37,5.35,0.67,0.33,0.67,0,3.01,6.02,0,0.33,2.01,1.34,0,0,0,0,1.34,1,0,0.33,0,0,0,0,0,0,0,0,0,0,0,0,1.34,0.33,0,0,0,0.33,0,0,11.37,11.04,0,2.68,4.01,2.01,0.33,2.68,2.01,1.67,7.36,3.68,7.02,0,4.68,2.34,0,2.68,0,0,0,0,2.68,0
51046_EMPATHY_parent_MM.docx,1,439,8.01,79.17,18.65,23.1,20.9,7.97,89.52,75.4,56.95,18.45,11.39,1.37,0,2.96,6.83,0,7.06,18,2.05,8.43,6.38,12.98,5.69,3.64,2.73,25.74,4.1,8.43,2.28,0.68,0.68,0.91,13.44,1.82,11.62,4.33,1.82,1.59,2.28,0.23,2.05,0,4.1,2.05,1.82,2.51,1.14,1.14,0.23,0,0.68,0,15.03,5.01,0.46,0,0,0,2.51,10.25,0,0,3.87,2.96,0,0,0,0,2.28,0.46,0,1.82,0,0,0.46,0.23,0.23,0,0,0,0,0,0.23,0.46,0.23,0.91,0,0,0,0.23,0.68,0.46,9.11,13.44,0,5.92,4.56,1.14,0,2.73,3.42,2.73,6.83,4.33,3.87,0,2.05,1.82,0,7.06,0.46,1.37,4.1,0,0.91,0.23
51011_EMPATHY_parent_CK.docx,1,730,9,87.52,51.71,21.92,36.5,9.18,88.77,75.48,56.99,19.59,13.29,3.42,0.82,4.25,4.66,0.14,6.3,14.93,4.11,6.58,7.67,10.68,8.49,6.3,0.96,24.93,4.79,7.12,2.05,1.92,0.14,0,11.64,0.14,11.51,4.93,0.68,0.96,3.7,0.27,2.05,0.14,3.84,1.92,1.78,1.64,0.55,0.96,0,0.68,0.14,0,16.16,5.48,0.27,0.14,0.27,0,3.29,10.68,0.27,0.55,0.96,3.7,0,0,0,0,3.42,1.23,0,2.05,0.14,0,0.82,0,0,0,0,0,0,0.82,0,1.1,0.27,0.82,0,0,0,0.14,0,0.68,8.63,12.33,0,6.3,3.84,0.27,0.27,2.6,3.42,2.6,9.04,4.52,4.93,0,4.38,0.55,0,5.75,0,0,2.6,0,3.15,0
51079_EMPATHY_parent_MM.docx,1,911,4.02,91.43,12.37,37.61,43.38,6.48,89.68,79.58,55.76,22.83,16.03,3.62,0.66,4.61,7.03,0.11,6.81,14.49,2.09,5.49,6.26,10.43,7.9,4.17,2.63,26.13,5.27,5.71,2.85,2.31,0.33,0.22,13.39,1.98,11.42,5.82,2.74,0.66,1.32,0.11,2.2,0,4.17,2.63,1.43,1.87,0.66,1.1,0,0.44,0.55,0,21.73,7.9,0.55,0,0,0.22,4.28,13.94,0.44,0.44,3.73,3.51,0,0,0,0,1.76,1.21,0,0.55,0,0,1.32,0.11,0.11,0,0,0,0,0.77,0.22,0.22,0.55,0.33,0,0,0,0.22,0.11,0.11,9.99,9.44,0,3.95,2.31,0.77,0.77,2.2,1.54,1.54,12.95,2.2,7.24,0,5.6,1.65,0,6.59,0,0.22,2.2,0,3.95,0.22
51048_EMPATHY_parent_MM.docx,1,429,1.56,90.19,19.02,17.52,33,12.12,96.5,83.68,65.73,24.24,14.69,2.33,0.7,4.66,5.59,1.17,9.56,11.66,2.33,2.1,7.69,15.15,8.86,5.83,1.17,25.41,4.66,3.96,4.9,3.96,0.93,0,22.38,2.1,20.28,6.76,0.93,2.1,6.99,0.23,5.36,0,6.29,2.8,3.03,3.5,0.47,2.33,0.23,1.4,0.7,0,18.65,4.9,0.93,0,1.17,0.47,1.86,13.75,1.4,0,1.63,3.96,0,0,0,0,1.17,0.47,0.23,0.23,0.23,0,0.93,0.47,0.47,0,0,0,0,0,0,0.47,0.7,0.93,0,0,0,0,0,0.47,9.32,6.76,0,1.17,2.8,0.47,0.23,2.1,2.56,1.86,9.09,2.1,6.06,0,3.5,2.1,0.47,8.16,0,4.43,2.8,0,0.93,0
51049_EMPATHY_parent_SS.docx,1,552,5.18,81.44,57.79,35.66,46,8.7,92.21,82.07,52.72,22.83,13.04,4.17,0,5.43,3.26,0,9.78,13.41,2.17,6.34,3.99,11.05,4.89,2.54,2.9,30.07,8.7,6.7,2.17,1.63,0.18,0.36,13.04,1.27,11.78,3.99,1.45,1.63,4.17,0,1.99,0,3.62,2.17,1.09,1.63,0.54,0.72,0,0.18,0.54,0,18.84,7.61,0.18,0,0.36,0.18,3.62,11.23,0.91,0.18,0.54,3.08,0,0,0,0,0.36,0.18,0,0.18,0,0,1.27,0,0,0,0,0,0,1.09,0.18,0.54,0.18,1.63,0,0,0,0.18,0,0.18,12.86,14.49,0.18,7.97,5.07,0.36,0,2.54,0.91,1.27,8.33,3.26,10.33,0,9.06,1.27,0,5.25,0,0.36,1.99,0,2.9,0
51082_EMPATHY_parent_SS.docx,1,1059,1.95,98.78,28.64,7.49,31.15,10.95,95.28,83.66,62.23,23.14,15.77,2.17,1.32,6.33,4.82,0.94,7.37,11.99,2.36,3.68,8.88,15.77,9.25,4.63,2.27,29.84,5.85,4.63,3.12,2.36,0.47,0.28,16.71,1.89,14.83,5.95,2.27,2.27,3.21,0.09,1.61,0,5.48,1.7,3.12,2.83,0.76,1.42,0.19,0.19,0.66,0,19.74,4.91,0.66,0.09,0.47,0.28,1.61,15.11,0.38,0.09,1.79,3.21,0,0,0,0,1.98,0.76,0,1.23,0.09,0,0.66,0,0,0,0,0,0,0.19,0.19,0.47,0.47,0.66,0,0,0,0.09,0.19,0.09,12.37,11.9,0.09,4.44,5.38,1.42,0.09,2.08,2.55,1.51,9.35,3.49,6.8,0.09,4.53,1.61,0.66,8.69,0,0.19,3.12,0,5.38,0
51013_EMPATHY_parent_CK.docx,1,617,4.43,87.78,17.48,55.55,32.47,7.46,93.68,82.82,60.78,22.2,14.59,3.73,0.16,5.02,5.19,0.32,7.62,13.13,3.57,5.02,6.97,12.64,7.62,5.83,1.3,27.55,8.59,5.67,2.76,0.65,1.13,0.97,17.34,0.97,16.37,6.65,1.13,3.4,3.57,0.97,2.11,0,6.32,4.21,1.94,2.76,0.97,1.62,0,0,1.62,0,13.94,2.59,0.16,0,0,0,1.78,11.35,0,0.16,3.08,2.11,0,0,0,0,1.3,0.97,0,0.32,0,0,1.94,0,0,0,0,0,0,1.3,0.49,0.32,0.65,1.3,0,0,0,0.32,0.32,0.16,7.78,9.56,0.16,2.92,3.24,0.49,0.32,3.4,2.92,1.62,7.46,3.24,4.05,0.16,3.24,0.49,0.32,6,0,0,2.92,0,3.08,0
51032_EMPATHY_parent_MM.docx,1,576,17.97,88.72,21.19,52.41,21.33,8.33,89.76,78.13,52.6,18.92,11.28,2.43,0.69,4.17,3.99,0,7.64,15.8,3.99,5.73,6.25,11.11,4.86,3.3,0.69,25.52,7.12,6.42,2.43,1.04,0.87,0.69,13.37,2.26,11.11,4.86,1.91,0.69,3.13,0,1.04,0,5.73,3.82,1.74,2.6,1.22,1.22,0,0.87,0.35,0,13.19,4.34,0.17,0,0.17,0,2.43,9.03,0,0.17,2.26,1.74,0,0,0,0,2.26,1.39,0,0.69,0.17,0,1.91,0.35,0.35,0,0,0,0,1.39,0,0.87,0.52,1.74,0,0,0,0.35,0,0.35,8.16,12.33,0.17,5.9,2.6,1.39,0,2.6,1.56,1.56,7.29,4.86,8.85,0,5.9,2.95,0,8.68,0,2.43,4.51,0,1.74,0
51004_EMPATHY_parent_SS.docx,1,544,3.97,80.39,54.55,30.21,136,9.38,92.28,80.51,57.9,21.69,15.26,5.88,0.74,4.96,3.31,0.37,6.43,15.07,1.65,6.43,6.25,10.66,6.8,6.07,2.39,26.65,6.62,7.9,3.49,2.57,0.55,0.37,12.32,0.92,11.4,4.96,1.29,1.1,3.31,0,2.39,0,4.41,2.39,1.65,2.21,0.37,1.47,0,0.18,1.29,0,18.01,5.88,0.92,0.18,0.18,0,2.39,12.32,0.92,0.55,1.47,2.76,0,0,0,0,0.92,0.55,0,0.37,0,0,1.1,0,0,0,0,0,0,0,0.92,0.74,0.74,1.47,0,0,0,0.55,0,0,7.9,11.03,0,5.15,2.94,0.55,0,2.76,1.84,0.92,7.9,4.23,6.62,0,5.7,0.74,0.18,3.49,0,0,0.55,0,1.84,1.1
51022_EMPATHY_parent_CK.docx,1,965,1.72,94.91,36.13,48.67,38.6,8.08,92.64,80.41,60.1,21.04,13.37,2.69,1.76,4.04,4.46,0.21,7.67,14.4,3.21,5.28,6.32,14.51,9.74,8.39,0.52,26.74,6.42,5.91,3.01,1.87,0.93,0.21,14.82,0.21,14.61,6.94,1.55,1.87,3.11,0.73,1.14,0,4.77,3.21,1.35,2.49,1.04,1.14,0,0.62,0.31,0,14.3,3.21,0.1,0,0.21,0.1,2.28,11.09,0,0,2.28,2.49,0,0,0,0,0.83,0.41,0,0.41,0,0,1.66,0.1,0.1,0,0,0,0,1.04,0.31,0.21,0.41,1.35,0,0,0,0,0,0.21,8.08,12.85,0.21,4.15,4.46,0.93,0.21,3.94,3.11,1.66,7.25,3.83,6.22,0,3.94,2.07,0.21,6.74,0,0,2.49,0,4.25,0
51081_EMPATHY_parent_SS.docx,1,437,5.81,83.88,8.42,44.19,31.21,13.27,89.47,73.68,55.15,18.54,11.67,2.29,0.23,2.06,6.86,0.23,6.86,15.56,2.52,5.49,6.64,13.73,6.41,5.72,2.06,25.4,7.09,6.41,3.89,3.66,0.23,0,21.05,1.14,19.91,7.78,2.75,1.37,5.03,0.23,1.83,0,5.95,3.43,1.83,4.12,1.83,1.6,0,0.69,0.46,0,15.56,2.97,0.23,0,0,0,1.37,12.13,1.6,0.92,4.12,4.35,0,0,0,0,2.52,1.37,0.23,0.92,0,0,2.29,0.23,0.23,0,0,0,0,0.46,1.6,0,0.23,0.69,0,0,0,0.23,0,0.46,9.84,10.07,0.46,2.75,2.52,0.46,0,4.58,1.6,0.69,9.84,5.72,4.81,0.69,4.35,0.46,0,8.01,0,0,3.2,0,4.81,0
51009_EMPATHY_parent_SS.docx,1,915,6.23,88.42,25.76,61.49,91.5,7.43,91.91,78.36,58.36,20.66,13.88,3.06,0.44,5.46,4.7,0.22,6.78,15.74,3.28,5.9,7.32,12.9,6.78,4.15,2.95,25.68,6.12,6.12,3.06,1.64,0.87,0.66,14.43,0.55,13.88,4.59,0.77,3.5,3.39,0,2.73,0,5.25,3.93,1.31,2.51,1.53,0.87,0.11,0.22,0.33,0,18.03,5.68,0.66,0.44,0,0.11,2.84,12.46,0.44,0.44,3.17,1.97,0,0,0,0,0.66,0.55,0,0.11,0,0,1.53,0.22,0.22,0,0,0,0,0.55,0.66,0.44,0.87,0.33,0,0,0,0.44,0.55,0,11.91,12.79,0,4.48,6.12,0.44,0.22,2.84,1.75,1.2,10.27,3.17,6.78,0.11,5.14,1.64,0,5.25,0,0,0.98,0,4.26,0
51086_EMPATHY_parent_SS.docx,1,961,1.35,91.83,8.08,36.6,28.26,7.6,92.3,82.52,58.48,23.83,15.61,3.12,0.62,3.54,8.01,0.21,8.22,13.63,1.87,3.02,6.87,12.28,10.3,6.76,1.56,25.29,7.49,4.27,1.77,1.14,0.52,0.1,15.82,1.14,14.67,6.56,2.08,1.14,3.75,0.1,1.56,0,5.31,3.12,1.98,2.91,0.94,1.77,0,0.94,0.73,0,19.04,6.14,0.31,0,0.1,0.1,2.91,13.01,0,0,4.58,3.43,0,0,0,0,0.52,0.31,0,0.21,0,0,0.94,0.1,0.1,0,0,0,0,0.83,0,0.73,0.1,0.62,0,0,0,0.1,0.1,0.21,10.3,10.41,0.31,2.91,3.64,0.83,0.21,2.71,1.77,2.08,8.43,3.02,8.22,0.1,6.45,1.66,0.1,6.87,0,0.1,3.43,0,3.33,0